<?xml version="1.0" encoding="UTF-8"?>
<!-- IMPORTANT: This is an internal file that has been generated
     by the Xilinx ISE software.  Any direct editing or
     changes made to this file may result in unpredictable
     behavior or data corruption.  It is strongly advised that
     users do not edit the contents of this file. -->
<DeviceUsageSummary rev="6">
<DesignStatistics TimeStamp="Fri Jul 02 09:58:56 2010"><group name="MiscellaneousStatistics">
<item name="AGG_BONDED_IO" rev="6">
<attrib name="value" value="86"/></item>
<item name="AGG_IO" rev="6">
<attrib name="value" value="86"/></item>
<item name="AGG_SLICE" rev="6">
<attrib name="value" value="7104"/></item>
<item name="NUM_BONDED_IOB" rev="6">
<attrib name="value" value="86"/></item>
<item name="NUM_BSFULL" rev="6">
<attrib name="value" value="16688"/></item>
<item name="NUM_BSLUTONLY" rev="6">
<attrib name="value" value="2632"/></item>
<item name="NUM_BSREGONLY" rev="6">
<attrib name="value" value="7882"/></item>
<item name="NUM_BSUSED" rev="6">
<attrib name="value" value="27202"/></item>
<item name="NUM_BUFG" rev="6">
<attrib name="value" value="1"/></item>
<item name="NUM_DPRAM_O6ONLY" rev="6">
<attrib name="value" value="1668"/></item>
<item name="NUM_DSP48E" rev="6">
<attrib name="value" value="96"/></item>
<item name="NUM_ILOGIC" rev="6">
<attrib name="value" value="23"/></item>
<item name="NUM_IOB_FF" rev="6">
<attrib name="value" value="23"/></item>
<item name="NUM_LOGIC_O5ANDO6" rev="6">
<attrib name="value" value="5239"/></item>
<item name="NUM_LOGIC_O5ONLY" rev="6">
<attrib name="value" value="303"/></item>
<item name="NUM_LOGIC_O6ONLY" rev="6">
<attrib name="value" value="5723"/></item>
<item name="NUM_LUT_RT_EXO6" rev="6">
<attrib name="value" value="1114"/></item>
<item name="NUM_LUT_RT_O5" rev="6">
<attrib name="value" value="159"/></item>
<item name="NUM_LUT_RT_O6" rev="6">
<attrib name="value" value="303"/></item>
<item name="NUM_RAMB18X2" rev="6">
<attrib name="value" value="6"/></item>
<item name="NUM_RAMB18X2SDP" rev="6">
<attrib name="value" value="3"/></item>
<item name="NUM_RAMB18X2SDP_LOWER" rev="6">
<attrib name="value" value="3"/></item>
<item name="NUM_RAMB18X2_LOWER" rev="6">
<attrib name="value" value="6"/></item>
<item name="NUM_RAMB18X2_UPPER" rev="6">
<attrib name="value" value="3"/></item>
<item name="NUM_RAMB36_EXP" rev="6">
<attrib name="value" value="6"/></item>
<item name="NUM_SLICEL" rev="6">
<attrib name="value" value="4788"/></item>
<item name="NUM_SLICEM" rev="6">
<attrib name="value" value="2316"/></item>
<item name="NUM_SLICE_CARRY4" rev="6">
<attrib name="value" value="2553"/></item>
<item name="NUM_SLICE_CONTROLSET" rev="6">
<attrib name="value" value="82"/></item>
<item name="NUM_SLICE_CYINIT" rev="6">
<attrib name="value" value="538"/></item>
<item name="NUM_SLICE_F7MUX" rev="6">
<attrib name="value" value="1212"/></item>
<item name="NUM_SLICE_F8MUX" rev="6">
<attrib name="value" value="192"/></item>
<item name="NUM_SLICE_FF" rev="6">
<attrib name="value" value="24570"/></item>
<item name="NUM_SLICE_UNUSEDCTRL" rev="6">
<attrib name="value" value="32"/></item>
<item name="NUM_SPRAM_O6ONLY" rev="6">
<attrib name="value" value="960"/></item>
<item name="NUM_SRL_O5ONLY" rev="6">
<attrib name="value" value="9"/></item>
<item name="NUM_SRL_O6ONLY" rev="6">
<attrib name="value" value="4304"/></item>
<item name="NUM_UNUSABLE_FF_BELS" rev="6">
<attrib name="value" value="77"/></item>
<item name="Xilinx Core C_DA_FIR_V9_0, Xilinx CORE Generator 10.1.03_ip3" rev="6">
<attrib name="value" value="1"/></item>
<item name="Xilinx Core blk_mem_gen_v2_4, Xilinx CORE Generator 10.1.03_ip3" rev="6">
<attrib name="value" value="6"/></item>
<item name="Xilinx Core c_addsub_v10_0, Xilinx CORE Generator 10.1.03_ip3" rev="6">
<attrib name="value" value="1"/></item>
<item name="Xilinx Core c_counter_binary_v10_0, Xilinx CORE Generator 10.1.03_ip3" rev="6">
<attrib name="value" value="1"/></item>
<item name="Xilinx Core mult_gen_v10_1, Xilinx CORE Generator 10.1.03_ip3" rev="6">
<attrib name="value" value="1"/></item>
<item name="Xilinx Core xfft_v6_0, Xilinx CORE Generator 10.1.03_ip3" rev="6">
<attrib name="value" value="3"/></item>
</group>
</DesignStatistics>
<CmdHistory>
</CmdHistory>
</DeviceUsageSummary>
