<?xml version="1.0" encoding="UTF-8" ?>
<document>
<!--The data in this file is primarily intended for consumption by Xilinx tools.
The structure and the elements are likely to change over the next few releases.
This means code written to parse this file will need to be revisited each subsequent release.-->
<application name="impact" timeStamp="Thu Feb 05 13:50:33 2015">
<section name="Project Information" visible="false">
<property name="ProjectID" value="19b1e24204144d03aa4cfe9ccdf81cc3"/>
<property name="ProjectIteration" value="1"/>
</section>
<section name="iMPACT Project Info" visible="true">
<property name="Use Project File" value="Yes"/>
<property name="Project Entry" value="ise"/>
<property name="OS Name" value="Microsoft Windows 7 (64 Bit)"/>
<property name="User Lic. Info" value="178963414_1777488703_210550715_265"/>
</section>
<section name="iMPACT One Step SVF File Mode" visible="true">
<item name="Chain Summary">
<property name="Number of device" value="2"/>
<property name="Number of Xilinx device" value="2"/>
<property name="Number of Non-Xilinx device" value="0"/>
</item>
<item name="Chain Description">
<property name="Device1" value="xcfp"/>
<property name="Part1" value="xcf16p"/>
<property name="Use XCF00P as" value="Regular PROM"/>
<property name="Device2" value="spartan3"/>
<property name="Part2" value="xc3s200"/>
</item>
<item name="Boundary Scan Operations Statistics">
<property name="BSCAN Operation" value="Program -p 0 -e -v -loadfpga -defaultVersion 0
"/>
</item>
<item name="Cable Summary">
<property name="Cable Type" value="Platform Cable USB II"/>
<property name="Cable Speed" value="6 MHz"/>
<property name="Port" value="usb-hs"/>
<property name="Local_Server_Mode" value="Local"/>
</item>
</section>
<section name="iMPACT Revisioned PROM File Generation Mode" visible="true">
<item name="Revisioned XCFP PROM File Summary">
<property name="Number of PROM" value="1"/>
<property name="PROM" value="1"/>
<property name="PROM Name" value="xcf16p"/>
</item>
<item name="Revision_Data File Summary">
<property name="Number of Revision" value="1"/>
<property name="Number of Data File" value="0"/>
</item>
<item name="Revision 1">
<property name="Number of device" value="1"/>
<property name="Device1" value="spartan3"/>
<property name="Part1" value="xc3s200"/>
</item>
</section>
</application>
</document>
