#Release 14.4 - par P.49d (nt64)
#Copyright (c) 1995-2012 Xilinx, Inc.  All rights reserved.

#Tue Dec 31 14:05:50 2013

#
## NOTE: This file is designed to be imported into a spreadsheet program
# such as Microsoft Excel for viewing, printing and sorting. The |
# character is used as the data field separator. This file is also designed
# to support parsing.
#
#INPUT FILE:       lams_wrapper_map.ncd
#OUTPUT FILE:      lams_wrapper_pad.csv
#PART TYPE:        xc7k160t
#SPEED GRADE:      -2
#PACKAGE:          fbg676
#
# Pinout by Pin Number:
# 
# -----,-----,-----,-----,-----,-----,-----,-----,-----,-----,-----,-----,-----,-----,-----,
Pin Number,Signal Name,Pin Usage,Pin Name,Direction,IO Standard,IO Bank Number,Drive (mA),Slew Rate,Termination,IOB Delay,Voltage,Constraint,IO Register,Signal Integrity,
A1,,,GND,,,,,,,,,,,,
A2,,,GND,,,,,,,,,,,,
A3,,OPAD,MGTXTXN3_116,UNUSED,,,,,,,,,,,
A4,,OPAD,MGTXTXP3_116,UNUSED,,,,,,,,,,,
A5,,,GND,,,,,,,,,,,,
A6,,,GND,,,,,,,,,,,,
A7,,,GND,,,,,,,,,,,,
A8,,IOB33S,IO_L9N_T1_DQS_16,UNUSED,,16,,,,,,,,,
A9,,IOB33M,IO_L9P_T1_DQS_16,UNUSED,,16,,,,,,,,,
A10,,IOB33S,IO_L22N_T3_16,UNUSED,,16,,,,,,,,,
A11,,,VCCO_16,,,16,,,,,any******,,,,
A12,,IOB33S,IO_L24N_T3_16,UNUSED,,16,,,,,,,,,
A13,,IOB33M,IO_L24P_T3_16,UNUSED,,16,,,,,,,,,
A14,,IOB33S,IO_L21N_T3_DQS_16,UNUSED,,16,,,,,,,,,
A15,,IOB33S,IO_L23N_T3_16,UNUSED,,16,,,,,,,,,
A16,,,GND,,,,,,,,,,,,
A17,,IOB33S,IO_L3N_T0_DQS_AD1N_15,UNUSED,,15,,,,,,,,,
A18,,IOB33M,IO_L2P_T0_AD8P_15,UNUSED,,15,,,,,,,,,
A19,,IOB33S,IO_L2N_T0_AD8N_15,UNUSED,,15,,,,,,,,,
A20,reset,IOB33,IO_L8N_T1_D12_14,INPUT,LVTTL,14,,,,NONE,,LOCATED,NO,NONE,
A21,,,VCCO_14,,,14,,,,,3.30,,,,
A22,sdout(10),IOB33,IO_L2N_T0_D03_14,OUTPUT,LVTTL,14,12,SLOW,,,,LOCATED,NO,NONE,
A23,,IOB33M,IO_L4P_T0_D04_14,UNUSED,,14,,,,,,,,,
A24,,IOB33S,IO_L4N_T0_D05_14,UNUSED,,14,,,,,,,,,
A25,,IOB33S,IO_L1N_T0_D01_DIN_14,UNUSED,,14,,,,,,,,,
A26,,,GND,,,,,,,,,,,,
AA1,,,VCCO_34,,,34,,,,,any******,,,,
AA2,input_c_n(1),IOB18,IO_L12N_T1_MRCC_34,INPUT,LVDS,34,,,,NONE,,LOCATED,NO,NONE,
AA3,input_c_p(1),IOB18,IO_L12P_T1_MRCC_34,INPUT,LVDS,34,,,,NONE,,LOCATED,YES,NONE,
AA4,,IOB18M,IO_L13P_T2_MRCC_34,UNUSED,,34,,,,,,,,,
AA5,input_b_p(1),IOB18,IO_L15P_T2_DQS_34,INPUT,LVDS,34,,,,NONE,,LOCATED,YES,NONE,
AA6,,,GND,,,,,,,,,,,,
AA7,input_d_n(5),IOB18,IO_L8N_T1_33,INPUT,LVDS,33,,,,NONE,,LOCATED,NO,NONE,
AA8,input_d_p(5),IOB18,IO_L8P_T1_33,INPUT,LVDS,33,,,,NONE,,LOCATED,YES,NONE,
AA9,,IOB18M,IO_L11P_T1_SRCC_33,UNUSED,,33,,,,,,,,,
AA10,,IOB18M,IO_L14P_T2_SRCC_33,UNUSED,,33,,,,,,,,,
AA11,,,VCCO_33,,,33,,,,,any******,,,,
AA12,,IOB18S,IO_L16N_T2_33,UNUSED,,33,,,,,,,,,
AA13,,IOB18M,IO_L16P_T2_33,UNUSED,,33,,,,,,,,,
AA14,,IOB18M,IO_L7P_T1_32,UNUSED,,32,,,,,,,,,
AA15,,IOB18S,IO_L7N_T1_32,UNUSED,,32,,,,,,,,,
AA16,,,GND,,,,,,,,,,,,
AA17,,IOB18M,IO_L11P_T1_SRCC_32,UNUSED,,32,,,,,,,,,
AA18,,IOB18S,IO_L11N_T1_SRCC_32,UNUSED,,32,,,,,,,,,
AA19,,IOB18M,IO_L16P_T2_32,UNUSED,,32,,,,,,,,,
AA20,,IOB18S,IO_L16N_T2_32,UNUSED,,32,,,,,,,,,
AA21,,,VCCO_12,,,12,,,,,3.30,,,,
AA22,test(0),IOB33,IO_L13N_T2_MRCC_12,OUTPUT,LVTTL,12,12,SLOW,,,,LOCATED,NO,NONE,
AA23,,IOB33M,IO_L11P_T1_SRCC_12,UNUSED,,12,,,,,,,,,
AA24,,IOB33S,IO_L12N_T1_MRCC_12,UNUSED,,12,,,,,,,,,
AA25,Sel(2),IOB33,IO_L7P_T1_12,INPUT,LVTTL,12,,,,NONE,,LOCATED,NO,NONE,
AA26,,,GND,,,,,,,,,,,,
AB1,input_c_p(0),IOB18,IO_L9P_T1_DQS_34,INPUT,LVDS,34,,,,NONE,,LOCATED,YES,NONE,
AB2,input_b_p(6),IOB18,IO_L11P_T1_SRCC_34,INPUT,LVDS,34,,,,NONE,,LOCATED,YES,NONE,
AB3,,,GND,,,,,,,,,,,,
AB4,,IOB18S,IO_L13N_T2_MRCC_34,UNUSED,,34,,,,,,,,,
AB5,input_b_n(1),IOB18,IO_L15N_T2_DQS_34,INPUT,LVDS,34,,,,NONE,,LOCATED,NO,NONE,
AB6,input_b_p(0),IOB18,IO_L16P_T2_34,INPUT,LVDS,34,,,,NONE,,LOCATED,YES,NONE,
AB7,,IOB18M,IO_L10P_T1_33,UNUSED,,33,,,,,,,,,
AB8,,,VCCO_33,,,33,,,,,any******,,,,
AB9,,IOB18S,IO_L11N_T1_SRCC_33,UNUSED,,33,,,,,,,,,
AB10,,IOB18S,IO_L14N_T2_SRCC_33,UNUSED,,33,,,,,,,,,
AB11,,IOB18M,IO_L13P_T2_MRCC_33,UNUSED,,33,,,,,,,,,
AB12,input_d_p(1),IOB18,IO_L15P_T2_DQS_33,INPUT,LVDS,33,,,,NONE,,LOCATED,YES,NONE,
AB13,,,GND,,,,,,,,,,,,
AB14,,IOB18M,IO_L10P_T1_32,UNUSED,,32,,,,,,,,,
AB15,,IOB18S,IO_L10N_T1_32,UNUSED,,32,,,,,,,,,
AB16,clkin_p,IOB18,IO_L12P_T1_MRCC_32,INPUT,LVDS,32,,,,NONE,,LOCATED,NO,NONE,
AB17,,IOB18M,IO_L14P_T2_SRCC_32,UNUSED,,32,,,,,,,,,
AB18,,,VCCO_32,,,32,,,,,any******,,,,
AB19,input_a_p(3),IOB18,IO_L18P_T2_32,INPUT,LVDS,32,,,,NONE,,LOCATED,YES,NONE,
AB20,input_a_n(3),IOB18,IO_L18N_T2_32,INPUT,LVDS,32,,,,NONE,,LOCATED,NO,NONE,
AB21,,IOB33M,IO_L18P_T2_12,UNUSED,,12,,,,,,,,,
AB22,sdout(26),IOB33,IO_L17P_T2_12,OUTPUT,LVTTL,12,12,SLOW,,,,LOCATED,NO,NONE,
AB23,,,GND,,,,,,,,,,,,
AB24,,IOB33S,IO_L11N_T1_SRCC_12,UNUSED,,12,,,,,,,,,
AB25,Sel(1),IOB33,IO_L7N_T1_12,INPUT,LVTTL,12,,,,NONE,,LOCATED,NO,NONE,
AB26,,IOB33M,IO_L9P_T1_DQS_12,UNUSED,,12,,,,,,,,,
AC1,input_c_n(0),IOB18,IO_L9N_T1_DQS_34,INPUT,LVDS,34,,,,NONE,,LOCATED,NO,NONE,
AC2,input_b_n(6),IOB18,IO_L11N_T1_SRCC_34,INPUT,LVDS,34,,,,NONE,,LOCATED,NO,NONE,
AC3,,IOB18S,IO_L14N_T2_SRCC_34,UNUSED,,34,,,,,,,,,
AC4,,IOB18M,IO_L14P_T2_SRCC_34,UNUSED,,34,,,,,,,,,
AC5,,,VCCO_34,,,34,,,,,any******,,,,
AC6,input_b_n(0),IOB18,IO_L16N_T2_34,INPUT,LVDS,34,,,,NONE,,LOCATED,NO,NONE,
AC7,,IOB18S,IO_L10N_T1_33,UNUSED,,33,,,,,,,,,
AC8,input_d_p(4),IOB18,IO_L9P_T1_DQS_33,INPUT,LVDS,33,,,,NONE,,LOCATED,YES,NONE,
AC9,,IOB18M,IO_L12P_T1_MRCC_33,UNUSED,,33,,,,,,,,,
AC10,,,GND,,,,,,,,,,,,
AC11,,IOB18S,IO_L13N_T2_MRCC_33,UNUSED,,33,,,,,,,,,
AC12,input_d_n(1),IOB18,IO_L15N_T2_DQS_33,INPUT,LVDS,33,,,,NONE,,LOCATED,NO,NONE,
AC13,,IOB18M,IO_L17P_T2_33,UNUSED,,33,,,,,,,,,
AC14,,IOB18M,IO_L8P_T1_32,UNUSED,,32,,,,,,,,,
AC15,,,VCCO_32,,,32,,,,,any******,,,,
AC16,clkin_n,IOB18,IO_L12N_T1_MRCC_32,INPUT,LVDS,32,,,,NONE,,LOCATED,NO,NONE,
AC17,,IOB18S,IO_L14N_T2_SRCC_32,UNUSED,,32,,,,,,,,,
AC18,,IOB18M,IO_L13P_T2_MRCC_32,UNUSED,,32,,,,,,,,,
AC19,input_a_p(2),IOB18,IO_L17P_T2_32,INPUT,LVDS,32,,,,NONE,,LOCATED,YES,NONE,
AC20,,,GND,,,,,,,,,,,,
AC21,,IOB33S,IO_L18N_T2_12,UNUSED,,12,,,,,,,,,
AC22,,IOB33S,IO_L17N_T2_12,UNUSED,,12,,,,,,,,,
AC23,,IOB33M,IO_L14P_T2_SRCC_12,UNUSED,,12,,,,,,,,,
AC24,Sel(0),IOB33,IO_L14N_T2_SRCC_12,INPUT,LVTTL,12,,,,NONE,,LOCATED,NO,NONE,
AC25,,,VCCO_12,,,12,,,,,3.30,,,,
AC26,,IOB33S,IO_L9N_T1_DQS_12,UNUSED,,12,,,,,,,,,
AD1,input_b_p(4),IOB18,IO_L20P_T3_34,INPUT,LVDS,34,,,,NONE,,LOCATED,YES,NONE,
AD2,,,VCCO_34,,,34,,,,,any******,,,,
AD3,input_b_n(2),IOB18,IO_L19N_T3_VREF_34,INPUT,LVDS,34,,,,NONE,,LOCATED,NO,NONE,
AD4,input_b_p(2),IOB18,IO_L19P_T3_34,INPUT,LVDS,34,,,,NONE,,LOCATED,YES,NONE,
AD5,,IOB18S,IO_L18N_T2_34,UNUSED,,34,,,,,,,,,
AD6,,IOB18M,IO_L18P_T2_34,UNUSED,,34,,,,,,,,,
AD7,,,GND,,,,,,,,,,,,
AD8,input_d_n(4),IOB18,IO_L9N_T1_DQS_33,INPUT,LVDS,33,,,,NONE,,LOCATED,NO,NONE,
AD9,,IOB18S,IO_L12N_T1_MRCC_33,UNUSED,,33,,,,,,,,,
AD10,,IOB18M,IO_L20P_T3_33,UNUSED,,33,,,,,,,,,
AD11,,IOB18M,IO_L19P_T3_33,UNUSED,,33,,,,,,,,,
AD12,,,VCCO_33,,,33,,,,,any******,,,,
AD13,,IOB18S,IO_L17N_T2_33,UNUSED,,33,,,,,,,,,
AD14,,IOB18S,IO_L8N_T1_32,UNUSED,,32,,,,,,,,,
AD15,,IOB18M,IO_L4P_T0_32,UNUSED,,32,,,,,,,,,
AD16,,IOB18M,IO_L6P_T0_32,UNUSED,,32,,,,,,,,,
AD17,,,GND,,,,,,,,,,,,
AD18,,IOB18S,IO_L13N_T2_MRCC_32,UNUSED,,32,,,,,,,,,
AD19,input_a_n(2),IOB18,IO_L17N_T2_32,INPUT,LVDS,32,,,,NONE,,LOCATED,NO,NONE,
AD20,input_a_p(0),IOB18,IO_L15P_T2_DQS_32,INPUT,LVDS,32,,,,NONE,,LOCATED,YES,NONE,
AD21,,IOB33M,IO_L19P_T3_12,UNUSED,,12,,,,,,,,,
AD22,,,VCCO_12,,,12,,,,,3.30,,,,
AD23,sdout(8),IOB33,IO_L16P_T2_12,OUTPUT,LVTTL,12,12,SLOW,,,,LOCATED,NO,NONE,
AD24,Rd,IOB33,IO_L16N_T2_12,INPUT,LVTTL,12,,,,NONE,,LOCATED,NO,NONE,
AD25,Clear,IOB33,IO_L23P_T3_12,INPUT,LVTTL,12,,,,NONE,,LOCATED,NO,NONE,
AD26,sdout(9),IOB33,IO_L21P_T3_DQS_12,OUTPUT,LVTTL,12,12,SLOW,,,,LOCATED,NO,NONE,
AE1,input_b_n(4),IOB18,IO_L20N_T3_34,INPUT,LVDS,34,,,,NONE,,LOCATED,NO,NONE,
AE2,input_b_n(5),IOB18,IO_L22N_T3_34,INPUT,LVDS,34,,,,NONE,,LOCATED,NO,NONE,
AE3,input_b_p(5),IOB18,IO_L22P_T3_34,INPUT,LVDS,34,,,,NONE,,LOCATED,YES,NONE,
AE4,,,GND,,,,,,,,,,,,
AE5,,IOB18S,IO_L23N_T3_34,UNUSED,,34,,,,,,,,,
AE6,,IOB18M,IO_L23P_T3_34,UNUSED,,34,,,,,,,,,
AE7,input_d_p(6),IOB18,IO_L7P_T1_33,INPUT,LVDS,33,,,,NONE,,LOCATED,YES,NONE,
AE8,,IOB18M,IO_L22P_T3_33,UNUSED,,33,,,,,,,,,
AE9,,,VCCO_33,,,33,,,,,any******,,,,
AE10,,IOB18S,IO_L20N_T3_33,UNUSED,,33,,,,,,,,,
AE11,,IOB18S,IO_L19N_T3_VREF_33,UNUSED,,33,,,,,,,,,
AE12,,IOB18M,IO_L21P_T3_DQS_33,UNUSED,,33,,,,,,,,,
AE13,input_d_p(0),IOB18,IO_L23P_T3_33,INPUT,LVDS,33,,,,NONE,,LOCATED,YES,NONE,
AE14,,,GND,,,,,,,,,,,,
AE15,,IOB18S,IO_L4N_T0_32,UNUSED,,32,,,,,,,,,
AE16,,IOB18S,IO_L6N_T0_VREF_32,UNUSED,,32,,,,,,,,,
AE17,,IOB18M,IO_L1P_T0_32,UNUSED,,32,,,,,,,,,
AE18,,IOB18M,IO_L3P_T0_DQS_32,UNUSED,,32,,,,,,,,,
AE19,,,VCCO_32,,,32,,,,,any******,,,,
AE20,input_a_n(0),IOB18,IO_L15N_T2_DQS_32,INPUT,LVDS,32,,,,NONE,,LOCATED,NO,NONE,
AE21,,IOB33S,IO_L19N_T3_VREF_12,UNUSED,,12,,,,,,,,,
AE22,sdout(4),IOB33,IO_L24P_T3_12,OUTPUT,LVTTL,12,12,SLOW,,,,LOCATED,NO,NONE,
AE23,sdout(7),IOB33,IO_L22P_T3_12,OUTPUT,LVTTL,12,12,SLOW,,,,LOCATED,NO,NONE,
AE24,,,GND,,,,,,,,,,,,
AE25,sdout(6),IOB33,IO_L23N_T3_12,OUTPUT,LVTTL,12,12,SLOW,,,,LOCATED,NO,NONE,
AE26,sdout(5),IOB33,IO_L21N_T3_DQS_12,OUTPUT,LVTTL,12,12,SLOW,,,,LOCATED,NO,NONE,
AF1,,,GND,,,,,,,,,,,,
AF2,input_b_n(3),IOB18,IO_L24N_T3_34,INPUT,LVDS,34,,,,NONE,,LOCATED,NO,NONE,
AF3,input_b_p(3),IOB18,IO_L24P_T3_34,INPUT,LVDS,34,,,,NONE,,LOCATED,YES,NONE,
AF4,,IOB18S,IO_L21N_T3_DQS_34,UNUSED,,34,,,,,,,,,
AF5,,IOB18M,IO_L21P_T3_DQS_34,UNUSED,,34,,,,,,,,,
AF6,,,VCCO_34,,,34,,,,,any******,,,,
AF7,input_d_n(6),IOB18,IO_L7N_T1_33,INPUT,LVDS,33,,,,NONE,,LOCATED,NO,NONE,
AF8,,IOB18S,IO_L22N_T3_33,UNUSED,,33,,,,,,,,,
AF9,,IOB18S,IO_L24N_T3_33,UNUSED,,33,,,,,,,,,
AF10,,IOB18M,IO_L24P_T3_33,UNUSED,,33,,,,,,,,,
AF11,,,GND,,,,,,,,,,,,
AF12,,IOB18S,IO_L21N_T3_DQS_33,UNUSED,,33,,,,,,,,,
AF13,input_d_n(0),IOB18,IO_L23N_T3_33,INPUT,LVDS,33,,,,NONE,,LOCATED,NO,NONE,
AF14,,IOB18M,IO_L2P_T0_32,UNUSED,,32,,,,,,,,,
AF15,,IOB18S,IO_L2N_T0_32,UNUSED,,32,,,,,,,,,
AF16,,,VCCO_32,,,32,,,,,any******,,,,
AF17,,IOB18S,IO_L1N_T0_32,UNUSED,,32,,,,,,,,,
AF18,,IOB18S,IO_L3N_T0_DQS_32,UNUSED,,32,,,,,,,,,
AF19,input_a_p(1),IOB18,IO_L5P_T0_32,INPUT,LVDS,32,,,,NONE,,LOCATED,YES,NONE,
AF20,input_a_n(1),IOB18,IO_L5N_T0_32,INPUT,LVDS,32,,,,NONE,,LOCATED,NO,NONE,
AF21,,,GND,,,,,,,,,,,,
AF22,sdout(3),IOB33,IO_L24N_T3_12,OUTPUT,LVTTL,12,12,SLOW,,,,LOCATED,NO,NONE,
AF23,sdout(2),IOB33,IO_L22N_T3_12,OUTPUT,LVTTL,12,12,SLOW,,,,LOCATED,NO,NONE,
AF24,,IOB33M,IO_L20P_T3_12,UNUSED,,12,,,,,,,,,
AF25,,IOB33S,IO_L20N_T3_12,UNUSED,,12,,,,,,,,,
AF26,,,VCCO_12,,,12,,,,,3.30,,,,
B1,,OPAD,MGTXTXN2_116,UNUSED,,,,,,,,,,,
B2,,OPAD,MGTXTXP2_116,UNUSED,,,,,,,,,,,
B3,,,MGTAVTT,,,,,,,,,,,,
B4,,,GND,,,,,,,,,,,,
B5,,IPAD,MGTXRXN3_116,UNUSED,,,,,,,,,,,
B6,,IPAD,MGTXRXP3_116,UNUSED,,,,,,,,,,,
B7,,,GND,,,,,,,,,,,,
B8,,,VCCO_16,,,16,,,,,any******,,,,
B9,,IOB33S,IO_L10N_T1_16,UNUSED,,16,,,,,,,,,
B10,,IOB33M,IO_L22P_T3_16,UNUSED,,16,,,,,,,,,
B11,,IOB33S,IO_L20N_T3_16,UNUSED,,16,,,,,,,,,
B12,,IOB33M,IO_L20P_T3_16,UNUSED,,16,,,,,,,,,
B13,,,GND,,,,,,,,,,,,
B14,,IOB33M,IO_L21P_T3_DQS_16,UNUSED,,16,,,,,,,,,
B15,,IOB33M,IO_L23P_T3_16,UNUSED,,16,,,,,,,,,
B16,,IOB33S,IO_L1N_T0_AD0N_15,UNUSED,,15,,,,,,,,,
B17,,IOB33M,IO_L3P_T0_DQS_AD1P_15,UNUSED,,15,,,,,,,,,
B18,,,VCCO_15,,,15,,,,,any******,,,,
B19,,IOB33S,IO_L4N_T0_AD9N_15,UNUSED,,15,,,,,,,,,
B20,,IOB33M,IO_L8P_T1_D11_14,UNUSED,,14,,,,,,,,,
B21,,IOB33S,IO_L10N_T1_D15_14,UNUSED,,14,,,,,,,,,
B22,sdout(11),IOB33,IO_L2P_T0_D02_14,OUTPUT,LVTTL,14,12,SLOW,,,,LOCATED,NO,NONE,
B23,,,GND,,,,,,,,,,,,
B24,,IOB33M,IO_L1P_T0_D00_MOSI_14,UNUSED,,14,,,,,,,,,
B25,,IOB33M,IO_L3P_T0_DQS_PUDC_B_14,UNUSED,,14,,,,,,,,,
B26,,IOB33S,IO_L3N_T0_DQS_EMCCLK_14,UNUSED,,14,,,,,,,,,
C1,,,GND,,,,,,,,,,,,
C2,,,MGTAVTT,,,,,,,,,,,,
C3,,IPAD,MGTXRXN2_116,UNUSED,,,,,,,,,,,
C4,,IPAD,MGTXRXP2_116,UNUSED,,,,,,,,,,,
C5,,,GND,,,,,,,,,,,,
C6,,,MGTAVCC,,,,,,,,,,,,
C7,,,GND,,,,,,,,,,,,
C8,,,CCLK_0,,,,,,,,,,,,
C9,,IOB33M,IO_L10P_T1_16,UNUSED,,16,,,,,,,,,
C10,,,GND,,,,,,,,,,,,
C11,,IOB33S,IO_L13N_T2_MRCC_16,UNUSED,,16,,,,,,,,,
C12,,IOB33M,IO_L13P_T2_MRCC_16,UNUSED,,16,,,,,,,,,
C13,,IOB33S,IO_L19N_T3_VREF_16,UNUSED,,16,,,,,,,,,
C14,,IOB33M,IO_L19P_T3_16,UNUSED,,16,,,,,,,,,
C15,,,VCCO_16,,,16,,,,,any******,,,,
C16,,IOB33M,IO_L1P_T0_AD0P_15,UNUSED,,15,,,,,,,,,
C17,,IOB33M,IO_L5P_T0_AD2P_15,UNUSED,,15,,,,,,,,,
C18,,IOB33S,IO_L5N_T0_AD2N_15,UNUSED,,15,,,,,,,,,
C19,,IOB33M,IO_L4P_T0_AD9P_15,UNUSED,,15,,,,,,,,,
C20,,,GND,,,,,,,,,,,,
C21,,IOB33M,IO_L10P_T1_D14_14,UNUSED,,14,,,,,,,,,
C22,,IOB33S,IO_L7N_T1_D10_14,UNUSED,,14,,,,,,,,,
C23,,IOB33M,IO_L6P_T0_FCS_B_14,UNUSED,,14,,,,,,,,,
C24,sdout(0),IOB33,IO_L6N_T0_D08_VREF_14,OUTPUT,LVTTL,14,12,SLOW,,,,LOCATED,NO,NONE,
C25,,,VCCO_14,,,14,,,,,3.30,,,,
C26,,IOB33S,IO_L5N_T0_D07_14,UNUSED,,14,,,,,,,,,
D1,,OPAD,MGTXTXN1_116,UNUSED,,,,,,,,,,,
D2,,OPAD,MGTXTXP1_116,UNUSED,,,,,,,,,,,
D3,,,MGTAVTT,,,,,,,,,,,,
D4,,,GND,,,,,,,,,,,,
D5,,IPAD,MGTREFCLK0N_116,UNUSED,,,,,,,,,,,
D6,,IPAD,MGTREFCLK0P_116,UNUSED,,,,,,,,,,,
D7,,,GND,,,,,,,,,,,,
D8,,IOB33S,IO_L8N_T1_16,UNUSED,,16,,,,,,,,,
D9,,IOB33M,IO_L8P_T1_16,UNUSED,,16,,,,,,,,,
D10,,IOB33S,IO_L12N_T1_MRCC_16,UNUSED,,16,,,,,,,,,
D11,,IOB33S,IO_L14N_T2_SRCC_16,UNUSED,,16,,,,,,,,,
D12,,,VCCO_16,,,16,,,,,any******,,,,
D13,,IOB33S,IO_L17N_T2_16,UNUSED,,16,,,,,,,,,
D14,,IOB33M,IO_L17P_T2_16,UNUSED,,16,,,,,,,,,
D15,,IOB33M,IO_L6P_T0_15,UNUSED,,15,,,,,,,,,
D16,,IOB33S,IO_L6N_T0_VREF_15,UNUSED,,15,,,,,,,,,
D17,,,GND,,,,,,,,,,,,
D18,,IOB33S,IO_L13N_T2_MRCC_15,UNUSED,,15,,,,,,,,,
D19,,IOB33M,IO_L15P_T2_DQS_15,UNUSED,,15,,,,,,,,,
D20,,IOB33S,IO_L15N_T2_DQS_ADV_B_15,UNUSED,,15,,,,,,,,,
D21,,IOB33M,IO_L7P_T1_D09_14,UNUSED,,14,,,,,,,,,
D22,,,VCCO_14,,,14,,,,,3.30,,,,
D23,sdout(1),IOB33,IO_L11P_T1_SRCC_14,OUTPUT,LVTTL,14,12,SLOW,,,,LOCATED,NO,NONE,
D24,,IOB33S,IO_L11N_T1_SRCC_14,UNUSED,,14,,,,,,,,,
D25,sdout(14),IOB33,IO_L15N_T2_DQS_DOUT_CSO_B_14,OUTPUT,LVTTL,14,12,SLOW,,,,LOCATED,NO,NONE,
D26,,IOB33M,IO_L5P_T0_D06_14,UNUSED,,14,,,,,,,,,
E1,,,GND,,,,,,,,,,,,
E2,,,GND,,,,,,,,,,,,
E3,,IPAD,MGTXRXN1_116,UNUSED,,,,,,,,,,,
E4,,IPAD,MGTXRXP1_116,UNUSED,,,,,,,,,,,
E5,,,GND,,,,,,,,,,,,
E6,,,MGTAVCC,,,,,,,,,,,,
E7,,,GND,,,,,,,,,,,,
E8,,,VCCBATT_0,,,,,,,,,,,,
E9,,,VCCO_16,,,16,,,,,any******,,,,
E10,,IOB33M,IO_L12P_T1_MRCC_16,UNUSED,,16,,,,,,,,,
E11,,IOB33M,IO_L14P_T2_SRCC_16,UNUSED,,16,,,,,,,,,
E12,,IOB33S,IO_L18N_T2_16,UNUSED,,16,,,,,,,,,
E13,,IOB33M,IO_L18P_T2_16,UNUSED,,16,,,,,,,,,
E14,,,GND,,,,,,,,,,,,
E15,,IOB33M,IO_L10P_T1_AD4P_15,UNUSED,,15,,,,,,,,,
E16,,IOB33S,IO_L10N_T1_AD4N_15,UNUSED,,15,,,,,,,,,
E17,,IOB33S,IO_L12N_T1_MRCC_AD5N_15,UNUSED,,15,,,,,,,,,
E18,,IOB33M,IO_L13P_T2_MRCC_15,UNUSED,,15,,,,,,,,,
E19,,,VCCO_15,,,15,,,,,any******,,,,
E20,,IOB33S,IO_L17N_T2_A25_15,UNUSED,,15,,,,,,,,,
E21,sdout(30),IOB33,IO_L9P_T1_DQS_14,OUTPUT,LVTTL,14,12,SLOW,,,,LOCATED,NO,NONE,
E22,sdout(29),IOB33,IO_L9N_T1_DQS_D13_14,OUTPUT,LVTTL,14,12,SLOW,,,,LOCATED,NO,NONE,
E23,,IOB33S,IO_L12N_T1_MRCC_14,UNUSED,,14,,,,,,,,,
E24,,,GND,,,,,,,,,,,,
E25,,IOB33M,IO_L15P_T2_DQS_RDWR_B_14,UNUSED,,14,,,,,,,,,
E26,,IOB33S,IO_L17N_T2_A13_D29_14,UNUSED,,14,,,,,,,,,
F1,,OPAD,MGTXTXN0_116,UNUSED,,,,,,,,,,,
F2,,OPAD,MGTXTXP0_116,UNUSED,,,,,,,,,,,
F3,,,GND,,,,,,,,,,,,
F4,,,GND,,,,,,,,,,,,
F5,,IPAD,MGTREFCLK1N_116,UNUSED,,,,,,,,,,,
F6,,IPAD,MGTREFCLK1P_116,UNUSED,,,,,,,,,,,
F7,,,GND,,,,,,,,,,,,
F8,,IOB33S,IO_L7N_T1_16,UNUSED,,16,,,,,,,,,
F9,,IOB33M,IO_L7P_T1_16,UNUSED,,16,,,,,,,,,
F10,,IOB33S,IO_L11N_T1_SRCC_16,UNUSED,,16,,,,,,,,,
F11,,,GND,,,,,,,,,,,,
F12,,IOB33S,IO_L16N_T2_16,UNUSED,,16,,,,,,,,,
F13,,IOB33S,IO_L15N_T2_DQS_16,UNUSED,,16,,,,,,,,,
F14,,IOB33M,IO_L15P_T2_DQS_16,UNUSED,,16,,,,,,,,,
F15,,IOB33S,IO_L8N_T1_AD3N_15,UNUSED,,15,,,,,,,,,
F16,,,VCCO_15,,,15,,,,,any******,,,,
F17,,IOB33M,IO_L12P_T1_MRCC_AD5P_15,UNUSED,,15,,,,,,,,,
F18,,IOB33S,IO_L11N_T1_SRCC_AD12N_15,UNUSED,,15,,,,,,,,,
F19,,IOB33M,IO_L17P_T2_A26_15,UNUSED,,15,,,,,,,,,
F20,,IOB33S,IO_L16N_T2_A27_15,UNUSED,,15,,,,,,,,,
F21,,,GND,,,,,,,,,,,,
F22,sdout(27),IOB33,IO_L12P_T1_MRCC_14,OUTPUT,LVTTL,14,12,SLOW,,,,LOCATED,NO,NONE,
F23,,IOB33S,IO_L13N_T2_MRCC_14,UNUSED,,14,,,,,,,,,
F24,,IOB33S,IO_L14N_T2_SRCC_14,UNUSED,,14,,,,,,,,,
F25,,IOB33M,IO_L17P_T2_A14_D30_14,UNUSED,,14,,,,,,,,,
F26,,,VCCO_14,,,14,,,,,3.30,,,,
G1,,,GND,,,,,,,,,,,,
G2,,,MGTAVTT,,,,,,,,,,,,
G3,,IPAD,MGTXRXN0_116,UNUSED,,,,,,,,,,,
G4,,IPAD,MGTXRXP0_116,UNUSED,,,,,,,,,,,
G5,,,GND,,,,,,,,,,,,
G6,,,MGTAVCC,,,,,,,,,,,,
G7,,,INIT_B_0,,,,,,,,,,,,
G8,,,GND,,,,,,,,,,,,
G9,,IOB33S,IO_L2N_T0_16,UNUSED,,16,,,,,,,,,
G10,,IOB33M,IO_L2P_T0_16,UNUSED,,16,,,,,,,,,
G11,,IOB33M,IO_L11P_T1_SRCC_16,UNUSED,,16,,,,,,,,,
G12,,IOB33M,IO_L16P_T2_16,UNUSED,,16,,,,,,,,,
G13,,,VCCO_16,,,16,,,,,any******,,,,
G14,,IOB33S,IO_L5N_T0_16,UNUSED,,16,,,,,,,,,
G15,,IOB33M,IO_L8P_T1_AD3P_15,UNUSED,,15,,,,,,,,,
G16,,IOB33S,IO_L7N_T1_AD10N_15,UNUSED,,15,,,,,,,,,
G17,,IOB33M,IO_L11P_T1_SRCC_AD12P_15,UNUSED,,15,,,,,,,,,
G18,,,GND,,,,,,,,,,,,
G19,,IOB33M,IO_L16P_T2_A28_15,UNUSED,,15,,,,,,,,,
G20,,IOB33S,IO_L18N_T2_A23_15,UNUSED,,15,,,,,,,,,
G21,int,IOB33,IO_L19N_T3_A09_D25_VREF_14,OUTPUT,LVTTL,14,12,SLOW,,,,LOCATED,NO,NONE,
G22,,IOB33M,IO_L13P_T2_MRCC_14,UNUSED,,14,,,,,,,,,
G23,,,VCCO_14,,,14,,,,,3.30,,,,
G24,,IOB33M,IO_L14P_T2_SRCC_14,UNUSED,,14,,,,,,,,,
G25,,IOB33M,IO_L16P_T2_CSI_B_14,UNUSED,,14,,,,,,,,,
G26,,IOB33S,IO_L16N_T2_A15_D31_14,UNUSED,,14,,,,,,,,,
H1,,OPAD,MGTXTXN3_115,UNUSED,,,,,,,,,,,
H2,,OPAD,MGTXTXP3_115,UNUSED,,,,,,,,,,,
H3,,,MGTAVTT,,,,,,,,,,,,
H4,,,GND,,,,,,,,,,,,
H5,,IPAD,MGTREFCLK0N_115,UNUSED,,,,,,,,,,,
H6,,IPAD,MGTREFCLK0P_115,UNUSED,,,,,,,,,,,
H7,,,GND,,,,,,,,,,,,
H8,,IOB33S,IO_L1N_T0_16,UNUSED,,16,,,,,,,,,
H9,,IOB33M,IO_L1P_T0_16,UNUSED,,16,,,,,,,,,
H10,,,VCCO_16,,,16,,,,,any******,,,,
H11,,IOB33S,IO_L6N_T0_VREF_16,UNUSED,,16,,,,,,,,,
H12,,IOB33M,IO_L6P_T0_16,UNUSED,,16,,,,,,,,,
H13,,IOB33S,IO_L3N_T0_DQS_16,UNUSED,,16,,,,,,,,,
H14,,IOB33M,IO_L5P_T0_16,UNUSED,,16,,,,,,,,,
H15,,,GND,,,,,,,,,,,,
H16,,IOB33M,IO_L7P_T1_AD10P_15,UNUSED,,15,,,,,,,,,
H17,,IOB33M,IO_L14P_T2_SRCC_15,UNUSED,,15,,,,,,,,,
H18,,IOB33S,IO_L14N_T2_SRCC_15,UNUSED,,15,,,,,,,,,
H19,,IOB33M,IO_L18P_T2_A24_15,UNUSED,,15,,,,,,,,,
H20,,,VCCO_15,,,15,,,,,any******,,,,
H21,sdout(22),IOB33,IO_L19P_T3_A10_D26_14,OUTPUT,LVTTL,14,12,SLOW,,,,LOCATED,NO,NONE,
H22,,IOB33S,IO_L21N_T3_DQS_A06_D22_14,UNUSED,,14,,,,,,,,,
H23,,IOB33M,IO_L20P_T3_A08_D24_14,UNUSED,,14,,,,,,,,,
H24,,IOB33S,IO_L20N_T3_A07_D23_14,UNUSED,,14,,,,,,,,,
H25,,,GND,,,,,,,,,,,,
H26,,IOB33S,IO_L18N_T2_A11_D27_14,UNUSED,,14,,,,,,,,,
J1,,,GND,,,,,,,,,,,,
J2,,,GND,,,,,,,,,,,,
J3,,IPAD,MGTXRXN3_115,UNUSED,,,,,,,,,,,
J4,,IPAD,MGTXRXP3_115,UNUSED,,,,,,,,,,,
J5,,,GND,,,,,,,,,,,,
J6,,,MGTAVCC,,,,,,,,,,,,
J7,,,DONE_0,,,,,,,,,,,,
J8,,IOB33,IO_0_16,UNUSED,,16,,,,,,,,,
J9,,,VCCINT,,,,,,,,1.0,,,,
J10,,IOB33S,IO_L4N_T0_16,UNUSED,,16,,,,,,,,,
J11,,IOB33M,IO_L4P_T0_16,UNUSED,,16,,,,,,,,,
J12,,,GND,,,,,,,,,,,,
J13,,IOB33M,IO_L3P_T0_DQS_16,UNUSED,,16,,,,,,,,,
J14,,IOB33,IO_25_16,UNUSED,,16,,,,,,,,,
J15,,IOB33M,IO_L9P_T1_DQS_AD11P_15,UNUSED,,15,,,,,,,,,
J16,,IOB33S,IO_L9N_T1_DQS_AD11N_15,UNUSED,,15,,,,,,,,,
J17,,,VCCO_15,,,15,,,,,any******,,,,
J18,,IOB33M,IO_L20P_T3_A20_15,UNUSED,,15,,,,,,,,,
J19,,IOB33S,IO_L20N_T3_A19_15,UNUSED,,15,,,,,,,,,
J20,,IOB33S,IO_L19N_T3_A21_VREF_15,UNUSED,,15,,,,,,,,,
J21,,IOB33M,IO_L21P_T3_DQS_14,UNUSED,,14,,,,,,,,,
J22,,,GND,,,,,,,,,,,,
J23,,IOB33S,IO_L24N_T3_A00_D16_14,UNUSED,,14,,,,,,,,,
J24,,IOB33M,IO_L22P_T3_A05_D21_14,UNUSED,,14,,,,,,,,,
J25,,IOB33S,IO_L22N_T3_A04_D20_14,UNUSED,,14,,,,,,,,,
J26,,IOB33M,IO_L18P_T2_A12_D28_14,UNUSED,,14,,,,,,,,,
K1,,OPAD,MGTXTXN2_115,UNUSED,,,,,,,,,,,
K2,,OPAD,MGTXTXP2_115,UNUSED,,,,,,,,,,,
K3,,,GND,,,,,,,,,,,,
K4,,,GND,,,,,,,,,,,,
K5,,IPAD,MGTREFCLK1N_115,UNUSED,,,,,,,,,,,
K6,,IPAD,MGTREFCLK1P_115,UNUSED,,,,,,,,,,,
K7,,,GND,,,,,,,,,,,,
K8,,,VCCINT,,,,,,,,1.0,,,,
K9,,,GND,,,,,,,,,,,,
K10,,,VCCINT,,,,,,,,1.0,,,,
K11,,,GND,,,,,,,,,,,,
K12,,,VCCINT,,,,,,,,1.0,,,,
K13,,,GND,,,,,,,,,,,,
K14,,,VCCINT,,,,,,,,1.0,,,,
K15,,IOB33,IO_0_15,UNUSED,,15,,,,,,,,,
K16,,IOB33M,IO_L22P_T3_A17_15,UNUSED,,15,,,,,,,,,
K17,,IOB33S,IO_L22N_T3_A16_15,UNUSED,,15,,,,,,,,,
K18,,IOB33S,IO_L24N_T3_RS0_15,UNUSED,,15,,,,,,,,,
K19,,,GND,,,,,,,,,,,,
K20,,IOB33M,IO_L19P_T3_A22_15,UNUSED,,15,,,,,,,,,
K21,,IOB33,IO_0_14,UNUSED,,14,,,,,,,,,
K22,,IOB33S,IO_L23N_T3_A02_D18_14,UNUSED,,14,,,,,,,,,
K23,,IOB33M,IO_L24P_T3_A01_D17_14,UNUSED,,14,,,,,,,,,
K24,,,VCCO_13,,,13,,,,,3.30,,,,
K25,,IOB33M,IO_L1P_T0_13,UNUSED,,13,,,,,,,,,
K26,,IOB33S,IO_L1N_T0_13,UNUSED,,13,,,,,,,,,
L1,,,GND,,,,,,,,,,,,
L2,,,MGTAVTT,,,,,,,,,,,,
L3,,IPAD,MGTXRXN2_115,UNUSED,,,,,,,,,,,
L4,,IPAD,MGTXRXP2_115,UNUSED,,,,,,,,,,,
L5,,,GND,,,,,,,,,,,,
L6,,,MGTAVCC,,,,,,,,,,,,
L7,,,VCCO_0,,,0,,,,,any******,,,,
L8,,,TCK_0,,,,,,,,,,,,
L9,,,VCCINT,,,,,,,,1.0,,,,
L10,,,GND,,,,,,,,,,,,
L11,,,VCCAUX,,,,,,,,1.8,,,,
L12,,,GND,,,,,,,,,,,,
L13,,,VCCINT,,,,,,,,1.0,,,,
L14,,,GND,,,,,,,,,,,,
L15,,,VCCINT,,,,,,,,1.0,,,,
L16,,,GND,,,,,,,,,,,,
L17,,IOB33M,IO_L24P_T3_RS1_15,UNUSED,,15,,,,,,,,,
L18,,IOB33S,IO_L23N_T3_FWE_B_15,UNUSED,,15,,,,,,,,,
L19,,IOB33M,IO_L21P_T3_DQS_15,UNUSED,,15,,,,,,,,,
L20,,IOB33S,IO_L21N_T3_DQS_A18_15,UNUSED,,15,,,,,,,,,
L21,,,VCCO_14,,,14,,,,,3.30,,,,
L22,,IOB33M,IO_L23P_T3_A03_D19_14,UNUSED,,14,,,,,,,,,
L23,,IOB33,IO_25_14,UNUSED,,14,,,,,,,,,
L24,,IOB33S,IO_L8N_T1_13,UNUSED,,13,,,,,,,,,
L25,,IOB33S,IO_L3N_T0_DQS_13,UNUSED,,13,,,,,,,,,
L26,,,GND,,,,,,,,,,,,
M1,,OPAD,MGTXTXN1_115,UNUSED,,,,,,,,,,,
M2,,OPAD,MGTXTXP1_115,UNUSED,,,,,,,,,,,
M3,,,MGTAVTT,,,,,,,,,,,,
M4,,,GND,,,,,,,,,,,,
M5,,,MGTAVTTRCAL_115,,,,,,,,,,,,
M6,,,MGTRREF_115,,,,,,,,,,,,
M7,,,GND,,,,,,,,,,,,
M8,,,VCCINT,,,,,,,,1.0,,,,
M9,,,GND,,,,,,,,,,,,
M10,,,VCCAUX,,,,,,,,1.8,,,,
M11,,,GNDADC_0,,,,,,,,,,,,
M12,,,VCCADC_0,,,,,,,,,,,,
M13,,,GND,,,,,,,,,,,,
M14,,,VCCINT,,,,,,,,1.0,,,,
M15,,,GND,,,,,,,,,,,,
M16,,IOB33,IO_25_15,UNUSED,,15,,,,,,,,,
M17,,IOB33M,IO_L23P_T3_FOE_B_15,UNUSED,,15,,,,,,,,,
M18,,,VCCO_15,,,15,,,,,any******,,,,
M19,,IOB33S,IO_L22N_T3_13,UNUSED,,13,,,,,,,,,
M20,,IOB33S,IO_L7N_T1_13,UNUSED,,13,,,,,,,,,
M21,,IOB33M,IO_L10P_T1_13,UNUSED,,13,,,,,,,,,
M22,,IOB33S,IO_L10N_T1_13,UNUSED,,13,,,,,,,,,
M23,,,GND,,,,,,,,,,,,
M24,,IOB33M,IO_L8P_T1_13,UNUSED,,13,,,,,,,,,
M25,,IOB33M,IO_L3P_T0_DQS_13,UNUSED,,13,,,,,,,,,
M26,,IOB33S,IO_L5N_T0_13,UNUSED,,13,,,,,,,,,
N1,,,GND,,,,,,,,,,,,
N2,,,GND,,,,,,,,,,,,
N3,,IPAD,MGTXRXN1_115,UNUSED,,,,,,,,,,,
N4,,IPAD,MGTXRXP1_115,UNUSED,,,,,,,,,,,
N5,,,GND,,,,,,,,,,,,
N6,,,MGTVCCAUX,,,,,,,,,,,,
N7,,,GND,,,,,,,,,,,,
N8,,,TMS_0,,,,,,,,,,,,
N9,,,VCCINT,,,,,,,,1.0,,,,
N10,,,GND,,,,,,,,,,,,
N11,,,VREFN_0,,,,,,,,,,,,
N12,,IPAD,VP_0,UNUSED,,0,,,,,,,,,
N13,,,VCCBRAM,,,,,,,,,,,,
N14,,,GND,,,,,,,,,,,,
N15,,,VCCINT,,,,,,,,1.0,,,,
N16,,IOB33,IO_0_13,UNUSED,,13,,,,,,,,,
N17,,IOB33S,IO_L20N_T3_13,UNUSED,,13,,,,,,,,,
N18,,IOB33M,IO_L22P_T3_13,UNUSED,,13,,,,,,,,,
N19,,IOB33M,IO_L7P_T1_13,UNUSED,,13,,,,,,,,,
N20,,,GND,,,,,,,,,,,,
N21,,IOB33M,IO_L12P_T1_MRCC_13,UNUSED,,13,,,,,,,,,
N22,,IOB33S,IO_L12N_T1_MRCC_13,UNUSED,,13,,,,,,,,,
N23,,IOB33S,IO_L11N_T1_SRCC_13,UNUSED,,13,,,,,,,,,
N24,,IOB33S,IO_L4N_T0_13,UNUSED,,13,,,,,,,,,
N25,,,VCCO_13,,,13,,,,,3.30,,,,
N26,,IOB33M,IO_L5P_T0_13,UNUSED,,13,,,,,,,,,
P1,,OPAD,MGTXTXN0_115,UNUSED,,,,,,,,,,,
P2,,OPAD,MGTXTXP0_115,UNUSED,,,,,,,,,,,
P3,,,GND,,,,,,,,,,,,
P4,,,GND,,,,,,,,,,,,
P5,,,M2_0,,,,,,,,,,,,
P6,,,PROGRAM_B_0,,,,,,,,,,,,
P7,,,CFGBVS_0,,,,,,,,,,,,
P8,,,VCCAUX_IO_G0,,,,,,,,1.8,,,,
P9,,,GND,,,,,,,,,,,,
P10,,,VCCAUX,,,,,,,,1.8,,,,
P11,,IPAD,VN_0,UNUSED,,0,,,,,,,,,
P12,,,VREFP_0,,,,,,,,,,,,
P13,,,GND,,,,,,,,,,,,
P14,,,VCCINT,,,,,,,,1.0,,,,
P15,,,GND,,,,,,,,,,,,
P16,,IOB33M,IO_L20P_T3_13,UNUSED,,13,,,,,,,,,
P17,,,GND,,,,,,,,,,,,
P18,,IOB33S,IO_L24N_T3_13,UNUSED,,13,,,,,,,,,
P19,,IOB33M,IO_L9P_T1_DQS_13,UNUSED,,13,,,,,,,,,
P20,sdout(31),IOB33,IO_L9N_T1_DQS_13,OUTPUT,LVTTL,13,12,SLOW,,,,LOCATED,NO,NONE,
P21,sdout(28),IOB33,IO_L13N_T2_MRCC_13,OUTPUT,LVTTL,13,12,SLOW,,,,LOCATED,NO,NONE,
P22,,,VCCO_13,,,13,,,,,3.30,,,,
P23,,IOB33M,IO_L11P_T1_SRCC_13,UNUSED,,13,,,,,,,,,
P24,,IOB33M,IO_L4P_T0_13,UNUSED,,13,,,,,,,,,
P25,,IOB33S,IO_L6N_T0_VREF_13,UNUSED,,13,,,,,,,,,
P26,,IOB33S,IO_L2N_T0_13,UNUSED,,13,,,,,,,,,
R1,,,GND,,,,,,,,,,,,
R2,,,GND,,,,,,,,,,,,
R3,,IPAD,MGTXRXN0_115,UNUSED,,,,,,,,,,,
R4,,IPAD,MGTXRXP0_115,UNUSED,,,,,,,,,,,
R5,,,GND,,,,,,,,,,,,
R6,,,TDI_0,,,,,,,,,,,,
R7,,,TDO_0,,,,,,,,,,,,
R8,,,GND,,,,,,,,,,,,
R9,,,VCCAUX_IO_G0,,,,,,,,1.8,,,,
R10,,,GND,,,,,,,,,,,,
R11,,,DXN_0,,,,,,,,,,,,
R12,,,DXP_0,,,,,,,,,,,,
R13,,,VCCBRAM,,,,,,,,,,,,
R14,,,GND,,,,,,,,,,,,
R15,,,VCCINT,,,,,,,,1.0,,,,
R16,,IOB33M,IO_L21P_T3_DQS_13,UNUSED,,13,,,,,,,,,
R17,,IOB33S,IO_L21N_T3_DQS_13,UNUSED,,13,,,,,,,,,
R18,,IOB33M,IO_L24P_T3_13,UNUSED,,13,,,,,,,,,
R19,,,VCCO_13,,,13,,,,,3.30,,,,
R20,,IOB33S,IO_L16N_T2_13,UNUSED,,13,,,,,,,,,
R21,,IOB33M,IO_L13P_T2_MRCC_13,UNUSED,,13,,,,,,,,,
R22,sdout(21),IOB33,IO_L14P_T2_SRCC_13,OUTPUT,LVTTL,13,12,SLOW,,,,LOCATED,NO,NONE,
R23,,IOB33S,IO_L14N_T2_SRCC_13,UNUSED,,13,,,,,,,,,
R24,,,GND,,,,,,,,,,,,
R25,,IOB33M,IO_L6P_T0_13,UNUSED,,13,,,,,,,,,
R26,,IOB33M,IO_L2P_T0_13,UNUSED,,13,,,,,,,,,
T1,,,GND,,,,,,,,,,,,
T2,,,M1_0,,,,,,,,,,,,
T3,,,GND,,,,,,,,,,,,
T4,,,GND,,,,,,,,,,,,
T5,,,M0_0,,,,,,,,,,,,
T6,,,VCCO_0,,,0,,,,,any******,,,,
T7,,IOB18,IO_25_VRP_34,UNUSED,,34,,,,,,,,,
T8,,,VCCAUX_IO_G0,,,,,,,,1.8,,,,
T9,,,GND,,,,,,,,,,,,
T10,,,VCCAUX,,,,,,,,1.8,,,,
T11,,,GND,,,,,,,,,,,,
T12,,,VCCBRAM,,,,,,,,,,,,
T13,,,GND,,,,,,,,,,,,
T14,,,VCCINT,,,,,,,,1.0,,,,
T15,,,GND,,,,,,,,,,,,
T16,,,VCCO_13,,,13,,,,,3.30,,,,
T17,,IOB33S,IO_L23N_T3_13,UNUSED,,13,,,,,,,,,
T18,,IOB33M,IO_L19P_T3_13,UNUSED,,13,,,,,,,,,
T19,sdout(20),IOB33,IO_L19N_T3_VREF_13,OUTPUT,LVTTL,13,12,SLOW,,,,LOCATED,NO,NONE,
T20,sdout(18),IOB33,IO_L16P_T2_13,OUTPUT,LVTTL,13,12,SLOW,,,,LOCATED,NO,NONE,
T21,,,GND,,,,,,,,,,,,
T22,sdout(19),IOB33,IO_L17P_T2_13,OUTPUT,LVTTL,13,12,SLOW,,,,LOCATED,NO,NONE,
T23,,IOB33S,IO_L17N_T2_13,UNUSED,,13,,,,,,,,,
T24,,IOB33M,IO_L15P_T2_DQS_13,UNUSED,,13,,,,,,,,,
T25,,IOB33S,IO_L15N_T2_DQS_13,UNUSED,,13,,,,,,,,,
T26,,,VCCO_13,,,13,,,,,3.30,,,,
U1,input_c_n(6),IOB18,IO_L2N_T0_34,INPUT,LVDS,34,,,,NONE,,LOCATED,NO,NONE,
U2,input_c_p(6),IOB18,IO_L2P_T0_34,INPUT,LVDS,34,,,,NONE,,LOCATED,YES,NONE,
U3,,,VCCO_34,,,34,,,,,any******,,,,
U4,,IOB18,IO_0_VRN_34,UNUSED,,34,,,,,,,,,
U5,input_c_n(5),IOB18,IO_L1N_T0_34,INPUT,LVDS,34,,,,NONE,,LOCATED,NO,NONE,
U6,input_c_p(5),IOB18,IO_L1P_T0_34,INPUT,LVDS,34,,,,NONE,,LOCATED,YES,NONE,
U7,,IOB18M,IO_L5P_T0_34,UNUSED,,34,,,,,,,,,
U8,,,GND,,,,,,,,,,,,
U9,,IOB18,IO_0_VRN_33,UNUSED,,33,,,,,,,,,
U10,,,GND,,,,,,,,,,,,
U11,,,VCCAUX,,,,,,,,1.8,,,,
U12,,,GND,,,,,,,,,,,,
U13,,,VCCBRAM,,,,,,,,,,,,
U14,,,GND,,,,,,,,,,,,
U15,,,VCCINT,,,,,,,,1.0,,,,
U16,,IOB33,IO_25_13,UNUSED,,13,,,,,,,,,
U17,,IOB33M,IO_L23P_T3_13,UNUSED,,13,,,,,,,,,
U18,,,GND,,,,,,,,,,,,
U19,,IOB33M,IO_L18P_T2_13,UNUSED,,13,,,,,,,,,
U20,,IOB33S,IO_L18N_T2_13,UNUSED,,13,,,,,,,,,
U21,sdout(16),IOB33,IO_0_12,OUTPUT,LVTTL,12,12,SLOW,,,,LOCATED,NO,NONE,
U22,sdout(15),IOB33,IO_L1P_T0_12,OUTPUT,LVTTL,12,12,SLOW,,,,LOCATED,NO,NONE,
U23,,,VCCO_12,,,12,,,,,3.30,,,,
U24,sdout(17),IOB33,IO_L2P_T0_12,OUTPUT,LVTTL,12,12,SLOW,,,,LOCATED,NO,NONE,
U25,,IOB33S,IO_L2N_T0_12,UNUSED,,12,,,,,,,,,
U26,,IOB33M,IO_L4P_T0_12,UNUSED,,12,,,,,,,,,
V1,,IOB18S,IO_L8N_T1_34,UNUSED,,34,,,,,,,,,
V2,,IOB18M,IO_L8P_T1_34,UNUSED,,34,,,,,,,,,
V3,,IOB18M,IO_L4P_T0_34,UNUSED,,34,,,,,,,,,
V4,input_c_p(4),IOB18,IO_L6P_T0_34,INPUT,LVDS,34,,,,NONE,,LOCATED,YES,NONE,
V5,,,GND,,,,,,,,,,,,
V6,,IOB18S,IO_L5N_T0_34,UNUSED,,34,,,,,,,,,
V7,,IOB18S,IO_L2N_T0_33,UNUSED,,33,,,,,,,,,
V8,,IOB18M,IO_L2P_T0_33,UNUSED,,33,,,,,,,,,
V9,,IOB18M,IO_L6P_T0_33,UNUSED,,33,,,,,,,,,
V10,,,VCCO_33,,,33,,,,,any******,,,,
V11,,IOB18M,IO_L1P_T0_33,UNUSED,,33,,,,,,,,,
V12,,IOB18,IO_25_VRP_33,UNUSED,,33,,,,,,,,,
V13,,IOB18,IO_0_VRN_32,UNUSED,,32,,,,,,,,,
V14,,IOB18M,IO_L24P_T3_32,UNUSED,,32,,,,,,,,,
V15,,,GND,,,,,,,,,,,,
V16,,IOB18M,IO_L20P_T3_32,UNUSED,,32,,,,,,,,,
V17,,IOB18S,IO_L20N_T3_32,UNUSED,,32,,,,,,,,,
V18,input_a_p(4),IOB18,IO_L23P_T3_32,INPUT,LVDS,32,,,,NONE,,LOCATED,YES,NONE,
V19,input_a_n(4),IOB18,IO_L23N_T3_32,INPUT,LVDS,32,,,,NONE,,LOCATED,NO,NONE,
V20,,,VCCO_12,,,12,,,,,3.30,,,,
V21,,IOB33M,IO_L6P_T0_12,UNUSED,,12,,,,,,,,,
V22,,IOB33S,IO_L1N_T0_12,UNUSED,,12,,,,,,,,,
V23,,IOB33M,IO_L3P_T0_DQS_12,UNUSED,,12,,,,,,,,,
V24,,IOB33S,IO_L3N_T0_DQS_12,UNUSED,,12,,,,,,,,,
V25,,,GND,,,,,,,,,,,,
V26,sdout(13),IOB33,IO_L4N_T0_12,OUTPUT,LVTTL,12,12,SLOW,,,,LOCATED,NO,NONE,
W1,,IOB18M,IO_L10P_T1_34,UNUSED,,34,,,,,,,,,
W2,,,GND,,,,,,,,,,,,
W3,,IOB18S,IO_L4N_T0_34,UNUSED,,34,,,,,,,,,
W4,input_c_n(4),IOB18,IO_L6N_T0_VREF_34,INPUT,LVDS,34,,,,NONE,,LOCATED,NO,NONE,
W5,input_c_n(3),IOB18,IO_L3N_T0_DQS_34,INPUT,LVDS,34,,,,NONE,,LOCATED,NO,NONE,
W6,input_c_p(3),IOB18,IO_L3P_T0_DQS_34,INPUT,LVDS,34,,,,NONE,,LOCATED,YES,NONE,
W7,,,VCCO_33,,,33,,,,,any******,,,,
W8,,IOB18S,IO_L6N_T0_VREF_33,UNUSED,,33,,,,,,,,,
W9,input_d_n(3),IOB18,IO_L3N_T0_DQS_33,INPUT,LVDS,33,,,,NONE,,LOCATED,NO,NONE,
W10,input_d_p(3),IOB18,IO_L3P_T0_DQS_33,INPUT,LVDS,33,,,,NONE,,LOCATED,YES,NONE,
W11,,IOB18S,IO_L1N_T0_33,UNUSED,,33,,,,,,,,,
W12,,,GND,,,,,,,,,,,,
W13,,IOB18,IO_25_VRP_32,UNUSED,,32,,,,,,,,,
W14,,IOB18S,IO_L24N_T3_32,UNUSED,,32,,,,,,,,,
W15,input_a_p(5),IOB18,IO_L22P_T3_32,INPUT,LVDS,32,,,,NONE,,LOCATED,YES,NONE,
W16,input_a_n(5),IOB18,IO_L22N_T3_32,INPUT,LVDS,32,,,,NONE,,LOCATED,NO,NONE,
W17,,,VCCO_32,,,32,,,,,any******,,,,
W18,,IOB18M,IO_L21P_T3_DQS_32,UNUSED,,32,,,,,,,,,
W19,,IOB18S,IO_L21N_T3_DQS_32,UNUSED,,32,,,,,,,,,
W20,,IOB33M,IO_L15P_T2_DQS_12,UNUSED,,12,,,,,,,,,
W21,,IOB33S,IO_L6N_T0_VREF_12,UNUSED,,12,,,,,,,,,
W22,,,GND,,,,,,,,,,,,
W23,sdout(12),IOB33,IO_L8P_T1_12,OUTPUT,LVTTL,12,12,SLOW,,,,LOCATED,NO,NONE,
W24,,IOB33S,IO_L8N_T1_12,UNUSED,,12,,,,,,,,,
W25,sdout(23),IOB33,IO_L5P_T0_12,OUTPUT,LVTTL,12,12,SLOW,,,,LOCATED,NO,NONE,
W26,,IOB33S,IO_L5N_T0_12,UNUSED,,12,,,,,,,,,
Y1,,IOB18S,IO_L10N_T1_34,UNUSED,,34,,,,,,,,,
Y2,,IOB18S,IO_L7N_T1_34,UNUSED,,34,,,,,,,,,
Y3,,IOB18M,IO_L7P_T1_34,UNUSED,,34,,,,,,,,,
Y4,,,VCCO_34,,,34,,,,,any******,,,,
Y5,input_c_n(2),IOB18,IO_L17N_T2_34,INPUT,LVDS,34,,,,NONE,,LOCATED,NO,NONE,
Y6,input_c_p(2),IOB18,IO_L17P_T2_34,INPUT,LVDS,34,,,,NONE,,LOCATED,YES,NONE,
Y7,,IOB18S,IO_L4N_T0_33,UNUSED,,33,,,,,,,,,
Y8,,IOB18M,IO_L4P_T0_33,UNUSED,,33,,,,,,,,,
Y9,,,GND,,,,,,,,,,,,
Y10,input_d_n(2),IOB18,IO_L5N_T0_33,INPUT,LVDS,33,,,,NONE,,LOCATED,NO,NONE,
Y11,input_d_p(2),IOB18,IO_L5P_T0_33,INPUT,LVDS,33,,,,NONE,,LOCATED,YES,NONE,
Y12,,IOB18S,IO_L18N_T2_33,UNUSED,,33,,,,,,,,,
Y13,,IOB18M,IO_L18P_T2_33,UNUSED,,33,,,,,,,,,
Y14,,,VCCO_32,,,32,,,,,any******,,,,
Y15,,IOB18M,IO_L9P_T1_DQS_32,UNUSED,,32,,,,,,,,,
Y16,,IOB18S,IO_L9N_T1_DQS_32,UNUSED,,32,,,,,,,,,
Y17,input_a_p(6),IOB18,IO_L19P_T3_32,INPUT,LVDS,32,,,,NONE,,LOCATED,YES,NONE,
Y18,input_a_n(6),IOB18,IO_L19N_T3_VREF_32,INPUT,LVDS,32,,,,NONE,,LOCATED,NO,NONE,
Y19,,,GND,,,,,,,,,,,,
Y20,,IOB33,IO_25_12,UNUSED,,12,,,,,,,,,
Y21,test(1),IOB33,IO_L15N_T2_DQS_12,OUTPUT,LVTTL,12,12,SLOW,,,,LOCATED,NO,NONE,
Y22,sdout(24),IOB33,IO_L13P_T2_MRCC_12,OUTPUT,LVTTL,12,12,SLOW,,,,LOCATED,NO,NONE,
Y23,,IOB33M,IO_L12P_T1_MRCC_12,UNUSED,,12,,,,,,,,,
Y24,,,VCCO_12,,,12,,,,,3.30,,,,
Y25,sdout(25),IOB33,IO_L10P_T1_12,OUTPUT,LVTTL,12,12,SLOW,,,,LOCATED,NO,NONE,
Y26,,IOB33S,IO_L10N_T1_12,UNUSED,,12,,,,,,,,,

# -----,-----,-----,-----,-----,-----,-----,-----,-----,-----,-----,-----,-----,-----,-----,
# 
#* Default value.
#** This default Pullup/Pulldown value can be overridden in Bitgen. 
#All RSVD_0 pins must be tied to GROUND.
#****** Special VCCO requirements may apply. Please consult the device 
#       family datasheet for specific guideline on VCCO requirements. 
#
#
#